{
  "DatasetName": "TEST",
  "MicroAccuracy": 0.904,
  "MacroAccuracy": 0.9178519188203964,
  "LogLoss": 0.2609760814676543,
  "Labels": [
    "sadness",
    "anger",
    "love",
    "surprise",
    "fear",
    "joy"
  ],
  "ConfusionMatrix": [
    [
      522,
      18,
      4,
      4,
      14,
      19
    ],
    [
      6,
      258,
      1,
      2,
      6,
      2
    ],
    [
      0,
      2,
      153,
      1,
      0,
      3
    ],
    [
      0,
      0,
      0,
      62,
      4,
      0
    ],
    [
      1,
      6,
      1,
      18,
      198,
      0
    ],
    [
      3,
      6,
      57,
      11,
      3,
      615
    ]
  ],
  "Precision": {
    "sadness": 0.981203007518797,
    "anger": 0.8896551724137931,
    "love": 0.7083333333333334,
    "surprise": 0.6326530612244898,
    "fear": 0.88,
    "joy": 0.9624413145539906
  },
  "Recall": {
    "sadness": 0.8984509466437177,
    "anger": 0.9381818181818182,
    "love": 0.9622641509433962,
    "surprise": 0.9393939393939394,
    "fear": 0.8839285714285714,
    "joy": 0.8848920863309353
  },
  "F1Score": {
    "sadness": 0.9380053908355795,
    "anger": 0.9132743362831859,
    "love": 0.816,
    "surprise": 0.7560975609756098,
    "fear": 0.8819599109131402,
    "joy": 0.9220389805097451
  }
}